"Actual","Predicted","_defaultColorIndex","id","nPredictions","name"
"fist","fist","12","geqx7k6v","5288","cnn_lstm_50_10_thesis_pretrained_51"
"fist","noGesture","12","geqx7k6v","10","cnn_lstm_50_10_thesis_pretrained_51"
"fist","open","12","geqx7k6v","273","cnn_lstm_50_10_thesis_pretrained_51"
"fist","pinch","12","geqx7k6v","868","cnn_lstm_50_10_thesis_pretrained_51"
"fist","waveIn","12","geqx7k6v","1160","cnn_lstm_50_10_thesis_pretrained_51"
"fist","waveOut","12","geqx7k6v","51","cnn_lstm_50_10_thesis_pretrained_51"
"noGesture","fist","12","geqx7k6v","11","cnn_lstm_50_10_thesis_pretrained_51"
"noGesture","noGesture","12","geqx7k6v","7458","cnn_lstm_50_10_thesis_pretrained_51"
"noGesture","open","12","geqx7k6v","47","cnn_lstm_50_10_thesis_pretrained_51"
"noGesture","pinch","12","geqx7k6v","24","cnn_lstm_50_10_thesis_pretrained_51"
"noGesture","waveIn","12","geqx7k6v","61","cnn_lstm_50_10_thesis_pretrained_51"
"noGesture","waveOut","12","geqx7k6v","49","cnn_lstm_50_10_thesis_pretrained_51"
"open","fist","12","geqx7k6v","380","cnn_lstm_50_10_thesis_pretrained_51"
"open","noGesture","12","geqx7k6v","3","cnn_lstm_50_10_thesis_pretrained_51"
"open","open","12","geqx7k6v","3988","cnn_lstm_50_10_thesis_pretrained_51"
"open","pinch","12","geqx7k6v","2013","cnn_lstm_50_10_thesis_pretrained_51"
"open","waveIn","12","geqx7k6v","212","cnn_lstm_50_10_thesis_pretrained_51"
"open","waveOut","12","geqx7k6v","1054","cnn_lstm_50_10_thesis_pretrained_51"
"pinch","fist","12","geqx7k6v","481","cnn_lstm_50_10_thesis_pretrained_51"
"pinch","noGesture","12","geqx7k6v","37","cnn_lstm_50_10_thesis_pretrained_51"
"pinch","open","12","geqx7k6v","1015","cnn_lstm_50_10_thesis_pretrained_51"
"pinch","pinch","12","geqx7k6v","5213","cnn_lstm_50_10_thesis_pretrained_51"
"pinch","waveIn","12","geqx7k6v","555","cnn_lstm_50_10_thesis_pretrained_51"
"pinch","waveOut","12","geqx7k6v","349","cnn_lstm_50_10_thesis_pretrained_51"
"waveIn","fist","12","geqx7k6v","629","cnn_lstm_50_10_thesis_pretrained_51"
"waveIn","noGesture","12","geqx7k6v","21","cnn_lstm_50_10_thesis_pretrained_51"
"waveIn","open","12","geqx7k6v","152","cnn_lstm_50_10_thesis_pretrained_51"
"waveIn","pinch","12","geqx7k6v","385","cnn_lstm_50_10_thesis_pretrained_51"
"waveIn","waveIn","12","geqx7k6v","6346","cnn_lstm_50_10_thesis_pretrained_51"
"waveIn","waveOut","12","geqx7k6v","117","cnn_lstm_50_10_thesis_pretrained_51"
"waveOut","fist","12","geqx7k6v","21","cnn_lstm_50_10_thesis_pretrained_51"
"waveOut","noGesture","12","geqx7k6v","10","cnn_lstm_50_10_thesis_pretrained_51"
"waveOut","open","12","geqx7k6v","823","cnn_lstm_50_10_thesis_pretrained_51"
"waveOut","pinch","12","geqx7k6v","415","cnn_lstm_50_10_thesis_pretrained_51"
"waveOut","waveIn","12","geqx7k6v","94","cnn_lstm_50_10_thesis_pretrained_51"
"waveOut","waveOut","12","geqx7k6v","6287","cnn_lstm_50_10_thesis_pretrained_51"
"fist","fist","11","2p7umocn","5124","cnn_lstm_50_10_thesis_pretrained_50"
"fist","noGesture","11","2p7umocn","17","cnn_lstm_50_10_thesis_pretrained_50"
"fist","open","11","2p7umocn","666","cnn_lstm_50_10_thesis_pretrained_50"
"fist","pinch","11","2p7umocn","453","cnn_lstm_50_10_thesis_pretrained_50"
"fist","waveIn","11","2p7umocn","1332","cnn_lstm_50_10_thesis_pretrained_50"
"fist","waveOut","11","2p7umocn","58","cnn_lstm_50_10_thesis_pretrained_50"
"noGesture","fist","11","2p7umocn","0","cnn_lstm_50_10_thesis_pretrained_50"
"noGesture","noGesture","11","2p7umocn","7533","cnn_lstm_50_10_thesis_pretrained_50"
"noGesture","open","11","2p7umocn","40","cnn_lstm_50_10_thesis_pretrained_50"
"noGesture","pinch","11","2p7umocn","21","cnn_lstm_50_10_thesis_pretrained_50"
"noGesture","waveIn","11","2p7umocn","39","cnn_lstm_50_10_thesis_pretrained_50"
"noGesture","waveOut","11","2p7umocn","17","cnn_lstm_50_10_thesis_pretrained_50"
"open","fist","11","2p7umocn","817","cnn_lstm_50_10_thesis_pretrained_50"
"open","noGesture","11","2p7umocn","46","cnn_lstm_50_10_thesis_pretrained_50"
"open","open","11","2p7umocn","3787","cnn_lstm_50_10_thesis_pretrained_50"
"open","pinch","11","2p7umocn","1312","cnn_lstm_50_10_thesis_pretrained_50"
"open","waveIn","11","2p7umocn","347","cnn_lstm_50_10_thesis_pretrained_50"
"open","waveOut","11","2p7umocn","1341","cnn_lstm_50_10_thesis_pretrained_50"
"pinch","fist","11","2p7umocn","814","cnn_lstm_50_10_thesis_pretrained_50"
"pinch","noGesture","11","2p7umocn","66","cnn_lstm_50_10_thesis_pretrained_50"
"pinch","open","11","2p7umocn","1193","cnn_lstm_50_10_thesis_pretrained_50"
"pinch","pinch","11","2p7umocn","4554","cnn_lstm_50_10_thesis_pretrained_50"
"pinch","waveIn","11","2p7umocn","732","cnn_lstm_50_10_thesis_pretrained_50"
"pinch","waveOut","11","2p7umocn","291","cnn_lstm_50_10_thesis_pretrained_50"
"waveIn","fist","11","2p7umocn","825","cnn_lstm_50_10_thesis_pretrained_50"
"waveIn","noGesture","11","2p7umocn","80","cnn_lstm_50_10_thesis_pretrained_50"
"waveIn","open","11","2p7umocn","208","cnn_lstm_50_10_thesis_pretrained_50"
"waveIn","pinch","11","2p7umocn","466","cnn_lstm_50_10_thesis_pretrained_50"
"waveIn","waveIn","11","2p7umocn","5977","cnn_lstm_50_10_thesis_pretrained_50"
"waveIn","waveOut","11","2p7umocn","94","cnn_lstm_50_10_thesis_pretrained_50"
"waveOut","fist","11","2p7umocn","104","cnn_lstm_50_10_thesis_pretrained_50"
"waveOut","noGesture","11","2p7umocn","51","cnn_lstm_50_10_thesis_pretrained_50"
"waveOut","open","11","2p7umocn","1710","cnn_lstm_50_10_thesis_pretrained_50"
"waveOut","pinch","11","2p7umocn","387","cnn_lstm_50_10_thesis_pretrained_50"
"waveOut","waveIn","11","2p7umocn","127","cnn_lstm_50_10_thesis_pretrained_50"
"waveOut","waveOut","11","2p7umocn","5271","cnn_lstm_50_10_thesis_pretrained_50"
"fist","fist","10","tfnflq2r","4851","cnn_lstm_50_10_thesis_pretrained_49"
"fist","noGesture","10","tfnflq2r","51","cnn_lstm_50_10_thesis_pretrained_49"
"fist","open","10","tfnflq2r","524","cnn_lstm_50_10_thesis_pretrained_49"
"fist","pinch","10","tfnflq2r","726","cnn_lstm_50_10_thesis_pretrained_49"
"fist","waveIn","10","tfnflq2r","1440","cnn_lstm_50_10_thesis_pretrained_49"
"fist","waveOut","10","tfnflq2r","58","cnn_lstm_50_10_thesis_pretrained_49"
"noGesture","fist","10","tfnflq2r","2","cnn_lstm_50_10_thesis_pretrained_49"
"noGesture","noGesture","10","tfnflq2r","7428","cnn_lstm_50_10_thesis_pretrained_49"
"noGesture","open","10","tfnflq2r","5","cnn_lstm_50_10_thesis_pretrained_49"
"noGesture","pinch","10","tfnflq2r","9","cnn_lstm_50_10_thesis_pretrained_49"
"noGesture","waveIn","10","tfnflq2r","189","cnn_lstm_50_10_thesis_pretrained_49"
"noGesture","waveOut","10","tfnflq2r","17","cnn_lstm_50_10_thesis_pretrained_49"
"open","fist","10","tfnflq2r","389","cnn_lstm_50_10_thesis_pretrained_49"
"open","noGesture","10","tfnflq2r","32","cnn_lstm_50_10_thesis_pretrained_49"
"open","open","10","tfnflq2r","4302","cnn_lstm_50_10_thesis_pretrained_49"
"open","pinch","10","tfnflq2r","1348","cnn_lstm_50_10_thesis_pretrained_49"
"open","waveIn","10","tfnflq2r","425","cnn_lstm_50_10_thesis_pretrained_49"
"open","waveOut","10","tfnflq2r","1154","cnn_lstm_50_10_thesis_pretrained_49"
"pinch","fist","10","tfnflq2r","491","cnn_lstm_50_10_thesis_pretrained_49"
"pinch","noGesture","10","tfnflq2r","111","cnn_lstm_50_10_thesis_pretrained_49"
"pinch","open","10","tfnflq2r","886","cnn_lstm_50_10_thesis_pretrained_49"
"pinch","pinch","10","tfnflq2r","4761","cnn_lstm_50_10_thesis_pretrained_49"
"pinch","waveIn","10","tfnflq2r","1047","cnn_lstm_50_10_thesis_pretrained_49"
"pinch","waveOut","10","tfnflq2r","354","cnn_lstm_50_10_thesis_pretrained_49"
"waveIn","fist","10","tfnflq2r","926","cnn_lstm_50_10_thesis_pretrained_49"
"waveIn","noGesture","10","tfnflq2r","147","cnn_lstm_50_10_thesis_pretrained_49"
"waveIn","open","10","tfnflq2r","200","cnn_lstm_50_10_thesis_pretrained_49"
"waveIn","pinch","10","tfnflq2r","729","cnn_lstm_50_10_thesis_pretrained_49"
"waveIn","waveIn","10","tfnflq2r","5483","cnn_lstm_50_10_thesis_pretrained_49"
"waveIn","waveOut","10","tfnflq2r","165","cnn_lstm_50_10_thesis_pretrained_49"
"waveOut","fist","10","tfnflq2r","31","cnn_lstm_50_10_thesis_pretrained_49"
"waveOut","noGesture","10","tfnflq2r","27","cnn_lstm_50_10_thesis_pretrained_49"
"waveOut","open","10","tfnflq2r","1401","cnn_lstm_50_10_thesis_pretrained_49"
"waveOut","pinch","10","tfnflq2r","480","cnn_lstm_50_10_thesis_pretrained_49"
"waveOut","waveIn","10","tfnflq2r","175","cnn_lstm_50_10_thesis_pretrained_49"
"waveOut","waveOut","10","tfnflq2r","5536","cnn_lstm_50_10_thesis_pretrained_49"
"fist","fist","9","jz9z6bvb","5444","cnn_lstm_50_10_thesis_pretrained_48"
"fist","noGesture","9","jz9z6bvb","13","cnn_lstm_50_10_thesis_pretrained_48"
"fist","open","9","jz9z6bvb","692","cnn_lstm_50_10_thesis_pretrained_48"
"fist","pinch","9","jz9z6bvb","667","cnn_lstm_50_10_thesis_pretrained_48"
"fist","waveIn","9","jz9z6bvb","782","cnn_lstm_50_10_thesis_pretrained_48"
"fist","waveOut","9","jz9z6bvb","52","cnn_lstm_50_10_thesis_pretrained_48"
"noGesture","fist","9","jz9z6bvb","3","cnn_lstm_50_10_thesis_pretrained_48"
"noGesture","noGesture","9","jz9z6bvb","7437","cnn_lstm_50_10_thesis_pretrained_48"
"noGesture","open","9","jz9z6bvb","38","cnn_lstm_50_10_thesis_pretrained_48"
"noGesture","pinch","9","jz9z6bvb","37","cnn_lstm_50_10_thesis_pretrained_48"
"noGesture","waveIn","9","jz9z6bvb","123","cnn_lstm_50_10_thesis_pretrained_48"
"noGesture","waveOut","9","jz9z6bvb","12","cnn_lstm_50_10_thesis_pretrained_48"
"open","fist","9","jz9z6bvb","792","cnn_lstm_50_10_thesis_pretrained_48"
"open","noGesture","9","jz9z6bvb","16","cnn_lstm_50_10_thesis_pretrained_48"
"open","open","9","jz9z6bvb","3953","cnn_lstm_50_10_thesis_pretrained_48"
"open","pinch","9","jz9z6bvb","1014","cnn_lstm_50_10_thesis_pretrained_48"
"open","waveIn","9","jz9z6bvb","334","cnn_lstm_50_10_thesis_pretrained_48"
"open","waveOut","9","jz9z6bvb","1541","cnn_lstm_50_10_thesis_pretrained_48"
"pinch","fist","9","jz9z6bvb","755","cnn_lstm_50_10_thesis_pretrained_48"
"pinch","noGesture","9","jz9z6bvb","46","cnn_lstm_50_10_thesis_pretrained_48"
"pinch","open","9","jz9z6bvb","984","cnn_lstm_50_10_thesis_pretrained_48"
"pinch","pinch","9","jz9z6bvb","4636","cnn_lstm_50_10_thesis_pretrained_48"
"pinch","waveIn","9","jz9z6bvb","889","cnn_lstm_50_10_thesis_pretrained_48"
"pinch","waveOut","9","jz9z6bvb","340","cnn_lstm_50_10_thesis_pretrained_48"
"waveIn","fist","9","jz9z6bvb","791","cnn_lstm_50_10_thesis_pretrained_48"
"waveIn","noGesture","9","jz9z6bvb","26","cnn_lstm_50_10_thesis_pretrained_48"
"waveIn","open","9","jz9z6bvb","299","cnn_lstm_50_10_thesis_pretrained_48"
"waveIn","pinch","9","jz9z6bvb","951","cnn_lstm_50_10_thesis_pretrained_48"
"waveIn","waveIn","9","jz9z6bvb","5483","cnn_lstm_50_10_thesis_pretrained_48"
"waveIn","waveOut","9","jz9z6bvb","100","cnn_lstm_50_10_thesis_pretrained_48"
"waveOut","fist","9","jz9z6bvb","90","cnn_lstm_50_10_thesis_pretrained_48"
"waveOut","noGesture","9","jz9z6bvb","16","cnn_lstm_50_10_thesis_pretrained_48"
"waveOut","open","9","jz9z6bvb","1105","cnn_lstm_50_10_thesis_pretrained_48"
"waveOut","pinch","9","jz9z6bvb","391","cnn_lstm_50_10_thesis_pretrained_48"
"waveOut","waveIn","9","jz9z6bvb","101","cnn_lstm_50_10_thesis_pretrained_48"
"waveOut","waveOut","9","jz9z6bvb","5947","cnn_lstm_50_10_thesis_pretrained_48"
"fist","fist","8","whw0io07","4989","cnn_lstm_50_10_thesis_pretrained_47"
"fist","noGesture","8","whw0io07","15","cnn_lstm_50_10_thesis_pretrained_47"
"fist","open","8","whw0io07","523","cnn_lstm_50_10_thesis_pretrained_47"
"fist","pinch","8","whw0io07","506","cnn_lstm_50_10_thesis_pretrained_47"
"fist","waveIn","8","whw0io07","1483","cnn_lstm_50_10_thesis_pretrained_47"
"fist","waveOut","8","whw0io07","134","cnn_lstm_50_10_thesis_pretrained_47"
"noGesture","fist","8","whw0io07","21","cnn_lstm_50_10_thesis_pretrained_47"
"noGesture","noGesture","8","whw0io07","7455","cnn_lstm_50_10_thesis_pretrained_47"
"noGesture","open","8","whw0io07","35","cnn_lstm_50_10_thesis_pretrained_47"
"noGesture","pinch","8","whw0io07","32","cnn_lstm_50_10_thesis_pretrained_47"
"noGesture","waveIn","8","whw0io07","95","cnn_lstm_50_10_thesis_pretrained_47"
"noGesture","waveOut","8","whw0io07","12","cnn_lstm_50_10_thesis_pretrained_47"
"open","fist","8","whw0io07","506","cnn_lstm_50_10_thesis_pretrained_47"
"open","noGesture","8","whw0io07","7","cnn_lstm_50_10_thesis_pretrained_47"
"open","open","8","whw0io07","4208","cnn_lstm_50_10_thesis_pretrained_47"
"open","pinch","8","whw0io07","1210","cnn_lstm_50_10_thesis_pretrained_47"
"open","waveIn","8","whw0io07","448","cnn_lstm_50_10_thesis_pretrained_47"
"open","waveOut","8","whw0io07","1271","cnn_lstm_50_10_thesis_pretrained_47"
"pinch","fist","8","whw0io07","747","cnn_lstm_50_10_thesis_pretrained_47"
"pinch","noGesture","8","whw0io07","34","cnn_lstm_50_10_thesis_pretrained_47"
"pinch","open","8","whw0io07","1245","cnn_lstm_50_10_thesis_pretrained_47"
"pinch","pinch","8","whw0io07","4068","cnn_lstm_50_10_thesis_pretrained_47"
"pinch","waveIn","8","whw0io07","1100","cnn_lstm_50_10_thesis_pretrained_47"
"pinch","waveOut","8","whw0io07","456","cnn_lstm_50_10_thesis_pretrained_47"
"waveIn","fist","8","whw0io07","2028","cnn_lstm_50_10_thesis_pretrained_47"
"waveIn","noGesture","8","whw0io07","21","cnn_lstm_50_10_thesis_pretrained_47"
"waveIn","open","8","whw0io07","384","cnn_lstm_50_10_thesis_pretrained_47"
"waveIn","pinch","8","whw0io07","595","cnn_lstm_50_10_thesis_pretrained_47"
"waveIn","waveIn","8","whw0io07","4521","cnn_lstm_50_10_thesis_pretrained_47"
"waveIn","waveOut","8","whw0io07","101","cnn_lstm_50_10_thesis_pretrained_47"
"waveOut","fist","8","whw0io07","59","cnn_lstm_50_10_thesis_pretrained_47"
"waveOut","noGesture","8","whw0io07","10","cnn_lstm_50_10_thesis_pretrained_47"
"waveOut","open","8","whw0io07","1524","cnn_lstm_50_10_thesis_pretrained_47"
"waveOut","pinch","8","whw0io07","445","cnn_lstm_50_10_thesis_pretrained_47"
"waveOut","waveIn","8","whw0io07","143","cnn_lstm_50_10_thesis_pretrained_47"
"waveOut","waveOut","8","whw0io07","5469","cnn_lstm_50_10_thesis_pretrained_47"
"fist","fist","7","024d72lm","4416","cnn_lstm_50_10_thesis_pretrained_46"
"fist","noGesture","7","024d72lm","41","cnn_lstm_50_10_thesis_pretrained_46"
"fist","open","7","024d72lm","1110","cnn_lstm_50_10_thesis_pretrained_46"
"fist","pinch","7","024d72lm","691","cnn_lstm_50_10_thesis_pretrained_46"
"fist","waveIn","7","024d72lm","1342","cnn_lstm_50_10_thesis_pretrained_46"
"fist","waveOut","7","024d72lm","50","cnn_lstm_50_10_thesis_pretrained_46"
"noGesture","fist","7","024d72lm","8","cnn_lstm_50_10_thesis_pretrained_46"
"noGesture","noGesture","7","024d72lm","7571","cnn_lstm_50_10_thesis_pretrained_46"
"noGesture","open","7","024d72lm","4","cnn_lstm_50_10_thesis_pretrained_46"
"noGesture","pinch","7","024d72lm","20","cnn_lstm_50_10_thesis_pretrained_46"
"noGesture","waveIn","7","024d72lm","39","cnn_lstm_50_10_thesis_pretrained_46"
"noGesture","waveOut","7","024d72lm","8","cnn_lstm_50_10_thesis_pretrained_46"
"open","fist","7","024d72lm","665","cnn_lstm_50_10_thesis_pretrained_46"
"open","noGesture","7","024d72lm","46","cnn_lstm_50_10_thesis_pretrained_46"
"open","open","7","024d72lm","4381","cnn_lstm_50_10_thesis_pretrained_46"
"open","pinch","7","024d72lm","1421","cnn_lstm_50_10_thesis_pretrained_46"
"open","waveIn","7","024d72lm","294","cnn_lstm_50_10_thesis_pretrained_46"
"open","waveOut","7","024d72lm","843","cnn_lstm_50_10_thesis_pretrained_46"
"pinch","fist","7","024d72lm","821","cnn_lstm_50_10_thesis_pretrained_46"
"pinch","noGesture","7","024d72lm","87","cnn_lstm_50_10_thesis_pretrained_46"
"pinch","open","7","024d72lm","1282","cnn_lstm_50_10_thesis_pretrained_46"
"pinch","pinch","7","024d72lm","4741","cnn_lstm_50_10_thesis_pretrained_46"
"pinch","waveIn","7","024d72lm","490","cnn_lstm_50_10_thesis_pretrained_46"
"pinch","waveOut","7","024d72lm","229","cnn_lstm_50_10_thesis_pretrained_46"
"waveIn","fist","7","024d72lm","1414","cnn_lstm_50_10_thesis_pretrained_46"
"waveIn","noGesture","7","024d72lm","157","cnn_lstm_50_10_thesis_pretrained_46"
"waveIn","open","7","024d72lm","427","cnn_lstm_50_10_thesis_pretrained_46"
"waveIn","pinch","7","024d72lm","616","cnn_lstm_50_10_thesis_pretrained_46"
"waveIn","waveIn","7","024d72lm","4865","cnn_lstm_50_10_thesis_pretrained_46"
"waveIn","waveOut","7","024d72lm","171","cnn_lstm_50_10_thesis_pretrained_46"
"waveOut","fist","7","024d72lm","68","cnn_lstm_50_10_thesis_pretrained_46"
"waveOut","noGesture","7","024d72lm","48","cnn_lstm_50_10_thesis_pretrained_46"
"waveOut","open","7","024d72lm","1528","cnn_lstm_50_10_thesis_pretrained_46"
"waveOut","pinch","7","024d72lm","260","cnn_lstm_50_10_thesis_pretrained_46"
"waveOut","waveIn","7","024d72lm","114","cnn_lstm_50_10_thesis_pretrained_46"
"waveOut","waveOut","7","024d72lm","5632","cnn_lstm_50_10_thesis_pretrained_46"
"fist","fist","6","u6l07gou","4854","cnn_lstm_50_10_thesis_pretrained_45"
"fist","noGesture","6","u6l07gou","4","cnn_lstm_50_10_thesis_pretrained_45"
"fist","open","6","u6l07gou","455","cnn_lstm_50_10_thesis_pretrained_45"
"fist","pinch","6","u6l07gou","602","cnn_lstm_50_10_thesis_pretrained_45"
"fist","waveIn","6","u6l07gou","1644","cnn_lstm_50_10_thesis_pretrained_45"
"fist","waveOut","6","u6l07gou","91","cnn_lstm_50_10_thesis_pretrained_45"
"noGesture","fist","6","u6l07gou","10","cnn_lstm_50_10_thesis_pretrained_45"
"noGesture","noGesture","6","u6l07gou","7532","cnn_lstm_50_10_thesis_pretrained_45"
"noGesture","open","6","u6l07gou","12","cnn_lstm_50_10_thesis_pretrained_45"
"noGesture","pinch","6","u6l07gou","34","cnn_lstm_50_10_thesis_pretrained_45"
"noGesture","waveIn","6","u6l07gou","41","cnn_lstm_50_10_thesis_pretrained_45"
"noGesture","waveOut","6","u6l07gou","21","cnn_lstm_50_10_thesis_pretrained_45"
"open","fist","6","u6l07gou","522","cnn_lstm_50_10_thesis_pretrained_45"
"open","noGesture","6","u6l07gou","9","cnn_lstm_50_10_thesis_pretrained_45"
"open","open","6","u6l07gou","3831","cnn_lstm_50_10_thesis_pretrained_45"
"open","pinch","6","u6l07gou","1430","cnn_lstm_50_10_thesis_pretrained_45"
"open","waveIn","6","u6l07gou","429","cnn_lstm_50_10_thesis_pretrained_45"
"open","waveOut","6","u6l07gou","1429","cnn_lstm_50_10_thesis_pretrained_45"
"pinch","fist","6","u6l07gou","693","cnn_lstm_50_10_thesis_pretrained_45"
"pinch","noGesture","6","u6l07gou","51","cnn_lstm_50_10_thesis_pretrained_45"
"pinch","open","6","u6l07gou","1102","cnn_lstm_50_10_thesis_pretrained_45"
"pinch","pinch","6","u6l07gou","4569","cnn_lstm_50_10_thesis_pretrained_45"
"pinch","waveIn","6","u6l07gou","906","cnn_lstm_50_10_thesis_pretrained_45"
"pinch","waveOut","6","u6l07gou","329","cnn_lstm_50_10_thesis_pretrained_45"
"waveIn","fist","6","u6l07gou","1190","cnn_lstm_50_10_thesis_pretrained_45"
"waveIn","noGesture","6","u6l07gou","59","cnn_lstm_50_10_thesis_pretrained_45"
"waveIn","open","6","u6l07gou","264","cnn_lstm_50_10_thesis_pretrained_45"
"waveIn","pinch","6","u6l07gou","674","cnn_lstm_50_10_thesis_pretrained_45"
"waveIn","waveIn","6","u6l07gou","5352","cnn_lstm_50_10_thesis_pretrained_45"
"waveIn","waveOut","6","u6l07gou","111","cnn_lstm_50_10_thesis_pretrained_45"
"waveOut","fist","6","u6l07gou","75","cnn_lstm_50_10_thesis_pretrained_45"
"waveOut","noGesture","6","u6l07gou","48","cnn_lstm_50_10_thesis_pretrained_45"
"waveOut","open","6","u6l07gou","1096","cnn_lstm_50_10_thesis_pretrained_45"
"waveOut","pinch","6","u6l07gou","378","cnn_lstm_50_10_thesis_pretrained_45"
"waveOut","waveIn","6","u6l07gou","220","cnn_lstm_50_10_thesis_pretrained_45"
"waveOut","waveOut","6","u6l07gou","5833","cnn_lstm_50_10_thesis_pretrained_45"
"fist","fist","5","4yg9av52","4611","cnn_lstm_50_10_thesis_pretrained_44"
"fist","noGesture","5","4yg9av52","8","cnn_lstm_50_10_thesis_pretrained_44"
"fist","open","5","4yg9av52","860","cnn_lstm_50_10_thesis_pretrained_44"
"fist","pinch","5","4yg9av52","1077","cnn_lstm_50_10_thesis_pretrained_44"
"fist","waveIn","5","4yg9av52","969","cnn_lstm_50_10_thesis_pretrained_44"
"fist","waveOut","5","4yg9av52","125","cnn_lstm_50_10_thesis_pretrained_44"
"noGesture","fist","5","4yg9av52","13","cnn_lstm_50_10_thesis_pretrained_44"
"noGesture","noGesture","5","4yg9av52","7436","cnn_lstm_50_10_thesis_pretrained_44"
"noGesture","open","5","4yg9av52","13","cnn_lstm_50_10_thesis_pretrained_44"
"noGesture","pinch","5","4yg9av52","40","cnn_lstm_50_10_thesis_pretrained_44"
"noGesture","waveIn","5","4yg9av52","111","cnn_lstm_50_10_thesis_pretrained_44"
"noGesture","waveOut","5","4yg9av52","37","cnn_lstm_50_10_thesis_pretrained_44"
"open","fist","5","4yg9av52","562","cnn_lstm_50_10_thesis_pretrained_44"
"open","noGesture","5","4yg9av52","7","cnn_lstm_50_10_thesis_pretrained_44"
"open","open","5","4yg9av52","4246","cnn_lstm_50_10_thesis_pretrained_44"
"open","pinch","5","4yg9av52","911","cnn_lstm_50_10_thesis_pretrained_44"
"open","waveIn","5","4yg9av52","289","cnn_lstm_50_10_thesis_pretrained_44"
"open","waveOut","5","4yg9av52","1635","cnn_lstm_50_10_thesis_pretrained_44"
"pinch","fist","5","4yg9av52","890","cnn_lstm_50_10_thesis_pretrained_44"
"pinch","noGesture","5","4yg9av52","37","cnn_lstm_50_10_thesis_pretrained_44"
"pinch","open","5","4yg9av52","942","cnn_lstm_50_10_thesis_pretrained_44"
"pinch","pinch","5","4yg9av52","4435","cnn_lstm_50_10_thesis_pretrained_44"
"pinch","waveIn","5","4yg9av52","727","cnn_lstm_50_10_thesis_pretrained_44"
"pinch","waveOut","5","4yg9av52","619","cnn_lstm_50_10_thesis_pretrained_44"
"waveIn","fist","5","4yg9av52","711","cnn_lstm_50_10_thesis_pretrained_44"
"waveIn","noGesture","5","4yg9av52","12","cnn_lstm_50_10_thesis_pretrained_44"
"waveIn","open","5","4yg9av52","375","cnn_lstm_50_10_thesis_pretrained_44"
"waveIn","pinch","5","4yg9av52","1124","cnn_lstm_50_10_thesis_pretrained_44"
"waveIn","waveIn","5","4yg9av52","5212","cnn_lstm_50_10_thesis_pretrained_44"
"waveIn","waveOut","5","4yg9av52","216","cnn_lstm_50_10_thesis_pretrained_44"
"waveOut","fist","5","4yg9av52","29","cnn_lstm_50_10_thesis_pretrained_44"
"waveOut","noGesture","5","4yg9av52","5","cnn_lstm_50_10_thesis_pretrained_44"
"waveOut","open","5","4yg9av52","1020","cnn_lstm_50_10_thesis_pretrained_44"
"waveOut","pinch","5","4yg9av52","262","cnn_lstm_50_10_thesis_pretrained_44"
"waveOut","waveIn","5","4yg9av52","89","cnn_lstm_50_10_thesis_pretrained_44"
"waveOut","waveOut","5","4yg9av52","6245","cnn_lstm_50_10_thesis_pretrained_44"
"fist","fist","4","6mcjw76e","5338","cnn_lstm_50_10_thesis_pretrained_43"
"fist","noGesture","4","6mcjw76e","19","cnn_lstm_50_10_thesis_pretrained_43"
"fist","open","4","6mcjw76e","637","cnn_lstm_50_10_thesis_pretrained_43"
"fist","pinch","4","6mcjw76e","633","cnn_lstm_50_10_thesis_pretrained_43"
"fist","waveIn","4","6mcjw76e","935","cnn_lstm_50_10_thesis_pretrained_43"
"fist","waveOut","4","6mcjw76e","88","cnn_lstm_50_10_thesis_pretrained_43"
"noGesture","fist","4","6mcjw76e","18","cnn_lstm_50_10_thesis_pretrained_43"
"noGesture","noGesture","4","6mcjw76e","7498","cnn_lstm_50_10_thesis_pretrained_43"
"noGesture","open","4","6mcjw76e","17","cnn_lstm_50_10_thesis_pretrained_43"
"noGesture","pinch","4","6mcjw76e","29","cnn_lstm_50_10_thesis_pretrained_43"
"noGesture","waveIn","4","6mcjw76e","67","cnn_lstm_50_10_thesis_pretrained_43"
"noGesture","waveOut","4","6mcjw76e","21","cnn_lstm_50_10_thesis_pretrained_43"
"open","fist","4","6mcjw76e","330","cnn_lstm_50_10_thesis_pretrained_43"
"open","noGesture","4","6mcjw76e","24","cnn_lstm_50_10_thesis_pretrained_43"
"open","open","4","6mcjw76e","4240","cnn_lstm_50_10_thesis_pretrained_43"
"open","pinch","4","6mcjw76e","1098","cnn_lstm_50_10_thesis_pretrained_43"
"open","waveIn","4","6mcjw76e","290","cnn_lstm_50_10_thesis_pretrained_43"
"open","waveOut","4","6mcjw76e","1668","cnn_lstm_50_10_thesis_pretrained_43"
"pinch","fist","4","6mcjw76e","406","cnn_lstm_50_10_thesis_pretrained_43"
"pinch","noGesture","4","6mcjw76e","47","cnn_lstm_50_10_thesis_pretrained_43"
"pinch","open","4","6mcjw76e","1087","cnn_lstm_50_10_thesis_pretrained_43"
"pinch","pinch","4","6mcjw76e","5112","cnn_lstm_50_10_thesis_pretrained_43"
"pinch","waveIn","4","6mcjw76e","484","cnn_lstm_50_10_thesis_pretrained_43"
"pinch","waveOut","4","6mcjw76e","514","cnn_lstm_50_10_thesis_pretrained_43"
"waveIn","fist","4","6mcjw76e","1082","cnn_lstm_50_10_thesis_pretrained_43"
"waveIn","noGesture","4","6mcjw76e","32","cnn_lstm_50_10_thesis_pretrained_43"
"waveIn","open","4","6mcjw76e","213","cnn_lstm_50_10_thesis_pretrained_43"
"waveIn","pinch","4","6mcjw76e","864","cnn_lstm_50_10_thesis_pretrained_43"
"waveIn","waveIn","4","6mcjw76e","5343","cnn_lstm_50_10_thesis_pretrained_43"
"waveIn","waveOut","4","6mcjw76e","116","cnn_lstm_50_10_thesis_pretrained_43"
"waveOut","fist","4","6mcjw76e","42","cnn_lstm_50_10_thesis_pretrained_43"
"waveOut","noGesture","4","6mcjw76e","34","cnn_lstm_50_10_thesis_pretrained_43"
"waveOut","open","4","6mcjw76e","1063","cnn_lstm_50_10_thesis_pretrained_43"
"waveOut","pinch","4","6mcjw76e","231","cnn_lstm_50_10_thesis_pretrained_43"
"waveOut","waveIn","4","6mcjw76e","139","cnn_lstm_50_10_thesis_pretrained_43"
"waveOut","waveOut","4","6mcjw76e","6141","cnn_lstm_50_10_thesis_pretrained_43"
"fist","fist","3","1l6wbyza","4610","cnn_lstm_50_10_thesis_pretrained_42"
"fist","noGesture","3","1l6wbyza","12","cnn_lstm_50_10_thesis_pretrained_42"
"fist","open","3","1l6wbyza","750","cnn_lstm_50_10_thesis_pretrained_42"
"fist","pinch","3","1l6wbyza","906","cnn_lstm_50_10_thesis_pretrained_42"
"fist","waveIn","3","1l6wbyza","1235","cnn_lstm_50_10_thesis_pretrained_42"
"fist","waveOut","3","1l6wbyza","137","cnn_lstm_50_10_thesis_pretrained_42"
"noGesture","fist","3","1l6wbyza","14","cnn_lstm_50_10_thesis_pretrained_42"
"noGesture","noGesture","3","1l6wbyza","7311","cnn_lstm_50_10_thesis_pretrained_42"
"noGesture","open","3","1l6wbyza","81","cnn_lstm_50_10_thesis_pretrained_42"
"noGesture","pinch","3","1l6wbyza","120","cnn_lstm_50_10_thesis_pretrained_42"
"noGesture","waveIn","3","1l6wbyza","102","cnn_lstm_50_10_thesis_pretrained_42"
"noGesture","waveOut","3","1l6wbyza","22","cnn_lstm_50_10_thesis_pretrained_42"
"open","fist","3","1l6wbyza","236","cnn_lstm_50_10_thesis_pretrained_42"
"open","noGesture","3","1l6wbyza","8","cnn_lstm_50_10_thesis_pretrained_42"
"open","open","3","1l6wbyza","4534","cnn_lstm_50_10_thesis_pretrained_42"
"open","pinch","3","1l6wbyza","1086","cnn_lstm_50_10_thesis_pretrained_42"
"open","waveIn","3","1l6wbyza","243","cnn_lstm_50_10_thesis_pretrained_42"
"open","waveOut","3","1l6wbyza","1543","cnn_lstm_50_10_thesis_pretrained_42"
"pinch","fist","3","1l6wbyza","475","cnn_lstm_50_10_thesis_pretrained_42"
"pinch","noGesture","3","1l6wbyza","43","cnn_lstm_50_10_thesis_pretrained_42"
"pinch","open","3","1l6wbyza","1451","cnn_lstm_50_10_thesis_pretrained_42"
"pinch","pinch","3","1l6wbyza","4559","cnn_lstm_50_10_thesis_pretrained_42"
"pinch","waveIn","3","1l6wbyza","729","cnn_lstm_50_10_thesis_pretrained_42"
"pinch","waveOut","3","1l6wbyza","393","cnn_lstm_50_10_thesis_pretrained_42"
"waveIn","fist","3","1l6wbyza","1073","cnn_lstm_50_10_thesis_pretrained_42"
"waveIn","noGesture","3","1l6wbyza","34","cnn_lstm_50_10_thesis_pretrained_42"
"waveIn","open","3","1l6wbyza","320","cnn_lstm_50_10_thesis_pretrained_42"
"waveIn","pinch","3","1l6wbyza","1283","cnn_lstm_50_10_thesis_pretrained_42"
"waveIn","waveIn","3","1l6wbyza","4784","cnn_lstm_50_10_thesis_pretrained_42"
"waveIn","waveOut","3","1l6wbyza","156","cnn_lstm_50_10_thesis_pretrained_42"
"waveOut","fist","3","1l6wbyza","41","cnn_lstm_50_10_thesis_pretrained_42"
"waveOut","noGesture","3","1l6wbyza","17","cnn_lstm_50_10_thesis_pretrained_42"
"waveOut","open","3","1l6wbyza","1171","cnn_lstm_50_10_thesis_pretrained_42"
"waveOut","pinch","3","1l6wbyza","158","cnn_lstm_50_10_thesis_pretrained_42"
"waveOut","waveIn","3","1l6wbyza","128","cnn_lstm_50_10_thesis_pretrained_42"
"waveOut","waveOut","3","1l6wbyza","6135","cnn_lstm_50_10_thesis_pretrained_42"